{
  "A": -0.09067357512953368,
  "B": 251.46373056994818,
  "PROCESSED_DIR": "../processed",
  "WATCH_DIR": "../watch",
  "GAMMA": 3.0,
  "PREVIEW_DIR": "../preview",
  "MARGIN_TOP": 8.5,
  "MARGIN_BOTTOM": 28.499999999999996,
  "MARGIN_LEFT": 6.3,
  "MARGIN_RIGHT": 6.9
}